<?xml version="1.0" encoding="UTF-8"?>
<project-private xmlns="http://www.netbeans.org/ns/project-private/1">
    <editor-bookmarks xmlns="http://www.netbeans.org/ns/editor-bookmarks/2" lastBookmarkId="0"/>
    <open-files xmlns="http://www.netbeans.org/ns/projectui-open-files/2">
        <group>
            <file>file:/D:/Program/Github/QuanLyKhachSan-LTNC/QLKS/src/java/model/Phong.java</file>
            <file>file:/D:/Program/Github/QuanLyKhachSan-LTNC/QLKS/web/Template/header.xhtml</file>
            <file>file:/D:/Program/Github/QuanLyKhachSan-LTNC/QLKS/src/java/bean/BeanTaiKhoan.java</file>
            <file>file:/D:/Program/Github/QuanLyKhachSan-LTNC/QLKS/src/java/util/CompareDate.java</file>
            <file>file:/D:/Program/Github/QuanLyKhachSan-LTNC/QLKS/src/java/bean/BeanNguoiDung.java</file>
            <file>file:/D:/Program/Github/QuanLyKhachSan-LTNC/QLKS/web/khachSan.xhtml</file>
            <file>file:/D:/Program/Github/QuanLyKhachSan-LTNC/QLKS/src/java/model/KhachSan.java</file>
            <file>file:/D:/Program/Github/QuanLyKhachSan-LTNC/QLKS/src/java/model/LoaiKhachSan.java</file>
            <file>file:/D:/Program/Github/QuanLyKhachSan-LTNC/QLKS/src/java/filter/MyFilter.java</file>
            <file>file:/D:/Program/Github/QuanLyKhachSan-LTNC/QLKS/web/index.xhtml</file>
            <file>file:/D:/Program/Github/QuanLyKhachSan-LTNC/QLKS/src/java/bean/BeanKhachSan.java</file>
            <file>file:/D:/Program/Github/QuanLyKhachSan-LTNC/QLKS/src/java/dao/DAODatPhong.java</file>
            <file>file:/D:/Program/Github/QuanLyKhachSan-LTNC/QLKS/src/java/model/ThanhPho.java</file>
            <file>file:/D:/Program/Github/QuanLyKhachSan-LTNC/QLKS/web/lichSu.xhtml</file>
            <file>file:/D:/Program/Github/QuanLyKhachSan-LTNC/QLKS/src/java/bean/BeanLoaiKhachSan.java</file>
            <file>file:/D:/Program/Github/QuanLyKhachSan-LTNC/QLKS/src/java/bean/BeanThanhPho.java</file>
            <file>file:/D:/Program/Github/QuanLyKhachSan-LTNC/QLKS/src/java/bean/BeanNavigation.java</file>
        </group>
    </open-files>
</project-private>
